strategy,n_samples,accuracy,precision_macro,recall_macro,f1_macro,precision_weighted,recall_weighted,f1_weighted,roc_auc_macro,roc_auc_weighted
zero_shot,6000,0.6681666666666667,0.8018907625910707,0.5625156924942755,0.597203448874835,0.7764510194225046,0.6681666666666667,0.6678374635423645,0.8063696638962009,0.8472462630115959
few_shot,6000,0.6723333333333333,0.8019259855767488,0.5917904506952507,0.6202005699985672,0.7929617451460519,0.6723333333333333,0.6859636677479322,0.8471381403598898,0.8761113195909347
